{
  "id": "2947114",
  "name": "team",
  "font_family": "iconfont",
  "css_prefix_text": "icon-",
  "description": "",
  "glyphs": [
    {
      "icon_id": "518141",
      "name": "2 身份证号码",
      "font_class": "shenfenzheng",
      "unicode": "e886",
      "unicode_decimal": 59526
    },
    {
      "icon_id": "1308403",
      "name": "221用户_密码_钥匙",
      "font_class": "yaoshiup",
      "unicode": "e641",
      "unicode_decimal": 58945
    },
    {
      "icon_id": "7635287",
      "name": "钥匙",
      "font_class": "yuechi",
      "unicode": "e61d",
      "unicode_decimal": 58909
    },
    {
      "icon_id": "11613942",
      "name": "手机",
      "font_class": "shouji",
      "unicode": "e604",
      "unicode_decimal": 58884
    },
    {
      "icon_id": "17937308",
      "name": "用户1",
      "font_class": "yonghu1",
      "unicode": "e60a",
      "unicode_decimal": 58890
    },
    {
      "icon_id": "8122208",
      "name": "个人目标",
      "font_class": "gerenmubiao",
      "unicode": "e64e",
      "unicode_decimal": 58958
    },
    {
      "icon_id": "5838820",
      "name": "统计",
      "font_class": "tongji",
      "unicode": "e878",
      "unicode_decimal": 59512
    },
    {
      "icon_id": "7503119",
      "name": "骑车",
      "font_class": "qiche",
      "unicode": "e603",
      "unicode_decimal": 58883
    },
    {
      "icon_id": "16399024",
      "name": "视频",
      "font_class": "shipin",
      "unicode": "e85f",
      "unicode_decimal": 59487
    }
  ]
}
